Company Name, Price Shares, Purchase price, Link, Director, Officer, Ten Percent, 
MedAvail Holdings Inc.[MDVL] ,14.9959 ,104116.5337 ,https://www.sec.gov/Archives/edgar/data/1402479/000089924321000379/xslF345X03/doc4.xml ,0, 0, 1, 
MedAvail Holdings Inc.[MDVL] ,14.9959 ,85881.5193 ,https://www.sec.gov/Archives/edgar/data/1402479/000089924321000379/xslF345X03/doc4.xml ,0, 0, 1, 
Howard Hughes Corp[HHC] ,79.12 ,4.548181552E7 ,https://www.sec.gov/Archives/edgar/data/1056513/000089924321001184/xslF345X03/doc4.xml ,1, 0, 1, 
Howard Hughes Corp[HHC] ,79.12 ,8.141448E7 ,https://www.sec.gov/Archives/edgar/data/1056513/000089924321001184/xslF345X03/doc4.xml ,1, 0, 1, 
Howard Hughes Corp[HHC] ,79.12 ,7.223656E7 ,https://www.sec.gov/Archives/edgar/data/1056513/000089924321001184/xslF345X03/doc4.xml ,1, 0, 1, 
Howard Hughes Corp[HHC] ,11.25 ,2.314125E7 ,https://www.sec.gov/Archives/edgar/data/1056513/000089924321001184/xslF345X03/doc4.xml ,1, 0, 1, 
Howard Hughes Corp[HHC] ,17.33 ,2.4357314999999996E7 ,https://www.sec.gov/Archives/edgar/data/1056513/000089924321001184/xslF345X03/doc4.xml ,1, 0, 1, 
ADAMS DIVERSIFIED EQUITY FUND INC.[ADX] ,17.2699 ,49996.3605 ,https://www.sec.gov/Archives/edgar/data/2230/000000223021000001/xslF345X03/primary_doc.xml ,1, 0, 0, 
ADAMS NATURAL RESOURCES FUND INC.[PEO] ,11.3983 ,49981.5455 ,https://www.sec.gov/Archives/edgar/data/216851/000021685121000001/xslF345X03/primary_doc.xml ,1, 0, 0, 
RGC RESOURCES INC[RGCO] ,24.21 ,1500.00318 ,https://www.sec.gov/Archives/edgar/data/1069533/000131462621000001/xslF345X03/primary_doc.xml ,1, 0, 0, 
AILERON THERAPEUTICS INC[ALRN] ,1.1 ,9900000.0 ,https://www.sec.gov/Archives/edgar/data/1315797/000089924321001163/xslF345X03/doc4.xml ,1, 1, 0, 
AIR T INC[AIRT] ,20.1118 ,262137.20119999998 ,https://www.sec.gov/Archives/edgar/data/353184/000156761921000022/xslF345X03/doc1.xml ,1, 0, 0, 
AIR T INC[AIRT] ,20.1116 ,112343.3976 ,https://www.sec.gov/Archives/edgar/data/353184/000156761921000022/xslF345X03/doc1.xml ,1, 0, 0, 
AIR T INC[AIRT] ,20.1118 ,374421.3806 ,https://www.sec.gov/Archives/edgar/data/353184/000156761921000024/xslF345X03/doc1.xml ,1, 1, 1, 
AMG Pantheon Fund LLC[XPEPX] ,16.09 ,119999.22 ,https://www.sec.gov/Archives/edgar/data/1609211/000089924321000295/xslF345X03/doc4.xml ,1, 0, 0, 
AMICUS THERAPEUTICS INC.[FOLD] ,23.17 ,34755.0 ,https://www.sec.gov/Archives/edgar/data/1178879/000120919121001640/xslF345X03/doc4.xml ,1, 0, 0, 
AMREP CORP.[AXR] ,7.98 ,7980.0 ,https://www.sec.gov/Archives/edgar/data/6207/000110465921002486/xslF345X03/tm212171-1_4seq1.xml ,1, 0, 0, 
AUBURN NATIONAL BANCORPORATION INC[AUBN] ,42.3709 ,932.1598 ,https://www.sec.gov/Archives/edgar/data/750574/000120919121000434/xslF345X03/doc4.xml ,1, 0, 0, 
AUBURN NATIONAL BANCORPORATION INC[AUBN] ,42.55 ,468.04999999999995 ,https://www.sec.gov/Archives/edgar/data/750574/000120919121000434/xslF345X03/doc4.xml ,1, 0, 0, 
EYEGATE PHARMACEUTICALS INC[EYEG] ,5.225 ,8000002.725 ,https://www.sec.gov/Archives/edgar/data/1372514/000091957421000168/xslF345X03/ownership.xml ,1, 0, 1, 
EYEGATE PHARMACEUTICALS INC[EYEG] ,0.0 ,0.0 ,https://www.sec.gov/Archives/edgar/data/1372514/000091957421000168/xslF345X03/ownership.xml ,1, 0, 1, 
EYEGATE PHARMACEUTICALS INC[EYEG] ,0.0 ,0.0 ,https://www.sec.gov/Archives/edgar/data/1372514/000091957421000168/xslF345X03/ownership.xml ,1, 0, 1, 
EYEGATE PHARMACEUTICALS INC[EYEG] ,0.0 ,0.0 ,https://www.sec.gov/Archives/edgar/data/1372514/000091957421000168/xslF345X03/ownership.xml ,1, 0, 1, 
ATHENA SILVER CORP[AHNR] ,0.03 ,48900.0 ,https://www.sec.gov/Archives/edgar/data/929131/000168316821000054/xslF345X03/ownership.xml ,1, 1, 1, 
AUBURN NATIONAL BANCORPORATION INC[AUBN] ,42.3709 ,932.1598 ,https://www.sec.gov/Archives/edgar/data/750574/000120919121001860/xslF345X03/doc4.xml ,1, 0, 0, 
AUBURN NATIONAL BANCORPORATION INC[AUBN] ,42.55 ,595.6999999999999 ,https://www.sec.gov/Archives/edgar/data/750574/000120919121001860/xslF345X03/doc4.xml ,1, 0, 0, 
AUBURN NATIONAL BANCORPORATION INC[AUBN] ,42.3709 ,932.1598 ,https://www.sec.gov/Archives/edgar/data/750574/000120919121001876/xslF345X03/doc4.xml ,1, 0, 0, 
AUBURN NATIONAL BANCORPORATION INC[AUBN] ,42.55 ,255.29999999999998 ,https://www.sec.gov/Archives/edgar/data/750574/000120919121001876/xslF345X03/doc4.xml ,1, 0, 0, 
AUBURN NATIONAL BANCORPORATION INC[AUBN] ,42.3709 ,296.5963 ,https://www.sec.gov/Archives/edgar/data/750574/000120919121001911/xslF345X03/doc4.xml ,0, 1, 0, 
AUBURN NATIONAL BANCORPORATION INC[AUBN] ,42.55 ,297.84999999999997 ,https://www.sec.gov/Archives/edgar/data/750574/000120919121001911/xslF345X03/doc4.xml ,0, 1, 0, 
AUBURN NATIONAL BANCORPORATION INC[AUBN] ,42.3709 ,677.9344 ,https://www.sec.gov/Archives/edgar/data/750574/000120919121001918/xslF345X03/doc4.xml ,1, 0, 0, 
AUBURN NATIONAL BANCORPORATION INC[AUBN] ,42.55 ,382.95 ,https://www.sec.gov/Archives/edgar/data/750574/000120919121001918/xslF345X03/doc4.xml ,1, 0, 0, 
MID PENN BANCORP INC[MPB] ,21.9 ,503.7 ,https://www.sec.gov/Archives/edgar/data/879635/000117184321000051/xslF345X03/ownership.xml ,1, 0, 0, 
FIRST FINANCIAL BANCORP /OH/[FFBC] ,17.53 ,3120.34 ,https://www.sec.gov/Archives/edgar/data/708955/000112760221000459/xslF345X03/form4.xml ,1, 
    , 
        , 
Carter Bankshares Inc.[CARE] ,10.63 ,287.01000000000005 ,https://www.sec.gov/Archives/edgar/data/1825282/000141588921000025/xslF345X03/form4-01042021_020133.xml ,false, true, false, 
Arlington Asset Investment Corp.[AAIC] ,3.818 ,38180.0 ,https://www.sec.gov/Archives/edgar/data/1209028/000089924321000893/xslF345X03/doc4.xml ,1, 1, 0, 
Arlington Asset Investment Corp.[AAIC] ,3.899 ,38990.0 ,https://www.sec.gov/Archives/edgar/data/1209028/000089924321000893/xslF345X03/doc4.xml ,1, 1, 0, 
At Home Group Inc.[HOME] ,15.6827 ,3136540.0 ,https://www.sec.gov/Archives/edgar/data/1646228/000138713121000216/xslF345X03/ownership.xml ,0, 0, 1, 
At Home Group Inc.[HOME] ,16.3719 ,2783108.3967 ,https://www.sec.gov/Archives/edgar/data/1646228/000138713121000285/xslF345X03/ownership.xml ,0, 0, 1, 
At Home Group Inc.[HOME] ,17.5475 ,4825685.3325 ,https://www.sec.gov/Archives/edgar/data/1646228/000138713121000382/xslF345X03/ownership.xml ,0, 0, 1, 
Atlantic Union Bankshares Corp[AUB] ,32.7946 ,32794.600000000006 ,https://www.sec.gov/Archives/edgar/data/883948/000141588921000024/xslF345X03/form4-01042021_020149.xml ,true, false, false, 
Atlantic Union Bankshares Corp[AUB] ,32.8186 ,32818.600000000006 ,https://www.sec.gov/Archives/edgar/data/883948/000141588921000024/xslF345X03/form4-01042021_020149.xml ,true, false, false, 
Atlantic Union Bankshares Corp[AUB] ,32.3666 ,32366.6 ,https://www.sec.gov/Archives/edgar/data/883948/000141588921000024/xslF345X03/form4-01042021_020149.xml ,true, false, false, 
Atlantic Union Bankshares Corp[AUB] ,32.8217 ,32821.7 ,https://www.sec.gov/Archives/edgar/data/883948/000141588921000256/xslF345X03/form4-01072021_020155.xml ,true, false, false, 
Avangrid Inc.[AGR] ,45.48 ,5002.799999999999 ,https://www.sec.gov/Archives/edgar/data/1339767/000163499721000002/xslF345X03/primary_doc.xml ,1, 0, 0, 
FIRST FINANCIAL BANCORP /OH/[FFBC] ,17.53 ,12498.890000000001 ,https://www.sec.gov/Archives/edgar/data/708955/000112760221000487/xslF345X03/form4.xml ,1, 
    , 
        , 
COLUMBIA BANKING SYSTEM INC.[COLB] ,24.06 ,5269.139999999999 ,https://www.sec.gov/Archives/edgar/data/887343/000088734321000012/xslF345X03/wf-form4_161013709698620.xml ,0, 1, 0, 
BBR ALO Fund LLC[NONE] ,13.4224 ,5000.0050688 ,https://www.sec.gov/Archives/edgar/data/1810700/000106299321000134/xslF345X03/form4.xml ,1, 0, 0, 
BERKSHIRE HATHAWAY INC[BRK.A] ,222.3337 ,889334.7999999999 ,https://www.sec.gov/Archives/edgar/data/1067983/000120919121002201/xslF345X03/doc4.xml ,1, 0, 0, 
CNL Strategic Capital LLC[NONE] ,0.0 ,0.0 ,https://www.sec.gov/Archives/edgar/data/1684682/000138713121000051/xslF345X03/ownership.xml ,0, 1, 0, 
Cheniere Energy Partners L.P.[CQP] ,34.77 ,1779250.4400000002 ,https://www.sec.gov/Archives/edgar/data/1383650/000089924321000503/xslF345X03/doc4.xml ,0, 0, 1, 
Cheniere Energy Partners L.P.[CQP] ,35.43 ,721354.8 ,https://www.sec.gov/Archives/edgar/data/1383650/000089924321000503/xslF345X03/doc4.xml ,0, 0, 1, 
Cheniere Energy Partners L.P.[CQP] ,34.93 ,1481905.25 ,https://www.sec.gov/Archives/edgar/data/1383650/000089924321000782/xslF345X03/doc4.xml ,0, 0, 1, 
BIMINI CAPITAL MANAGEMENT INC.[BMNM] ,1.02 ,4111.62 ,https://www.sec.gov/Archives/edgar/data/1275477/000151862121000014/xslF345X03/form4.xml ,true, true, 
    , 
BIMINI CAPITAL MANAGEMENT INC.[BMNM] ,1.035 ,310.5 ,https://www.sec.gov/Archives/edgar/data/1275477/000151862121000016/xslF345X03/form4.xml ,null, null, null, 
BIMINI CAPITAL MANAGEMENT INC.[BMNM] ,1.05 ,1627.5 ,https://www.sec.gov/Archives/edgar/data/1275477/000151862121000016/xslF345X03/form4.xml ,null, null, null, 
Carter Bankshares Inc.[CARE] ,10.63 ,488.98 ,https://www.sec.gov/Archives/edgar/data/1826179/000141588921000044/xslF345X03/form4-01052021_060153.xml ,true, false, false, 
BM Technologies Inc.[BMTX] ,10.38 ,21424.320000000003 ,https://www.sec.gov/Archives/edgar/data/1725872/000147450621000024/xslF345X03/primary_doc.xml ,1, 0, 0, 
DALRADA FINANCIAL CORP[DFCO] ,0.1396 ,3943.7000000000003 ,https://www.sec.gov/Archives/edgar/data/725394/000168316821000014/xslF345X03/ownership.xml ,1, 1, 0, 
DALRADA FINANCIAL CORP[DFCO] ,0.15 ,375.0 ,https://www.sec.gov/Archives/edgar/data/725394/000168316821000014/xslF345X03/ownership.xml ,1, 1, 0, 
DALRADA FINANCIAL CORP[DFCO] ,0.29 ,434.99999999999994 ,https://www.sec.gov/Archives/edgar/data/725394/000168316821000014/xslF345X03/ownership.xml ,1, 1, 0, 
DALRADA FINANCIAL CORP[DFCO] ,0.4125 ,412.5 ,https://www.sec.gov/Archives/edgar/data/725394/000168316821000014/xslF345X03/ownership.xml ,1, 1, 0, 
DALRADA FINANCIAL CORP[DFCO] ,0.2197 ,856.83 ,https://www.sec.gov/Archives/edgar/data/725394/000168316821000014/xslF345X03/ownership.xml ,1, 1, 0, 
DALRADA FINANCIAL CORP[DFCO] ,0.2225 ,22.25 ,https://www.sec.gov/Archives/edgar/data/725394/000168316821000014/xslF345X03/ownership.xml ,1, 1, 0, 
Compass Diversified Holdings[CODI] ,19.6166 ,99632.71139999999 ,https://www.sec.gov/Archives/edgar/data/1244794/000120919121001153/xslF345X03/doc4.xml ,0, 0, 0, 
NEW JERSEY MINING CO[NJMC] ,0.15 ,15000.0 ,https://www.sec.gov/Archives/edgar/data/1030192/000105291821000001/xslF345X03/primary_doc.xml ,0, 1, 0, 
NEW JERSEY MINING CO[NJMC] ,0.1 ,15000.0 ,https://www.sec.gov/Archives/edgar/data/1030192/000105291821000001/xslF345X03/primary_doc.xml ,0, 1, 0, 
CORPORATE OFFICE PROPERTIES TRUST[OFC] ,25.74 ,15006.419999999998 ,https://www.sec.gov/Archives/edgar/data/860546/000117911021000048/xslF345X03/edgar.xml ,0, 1, 0, 
Compass Diversified Holdings[CODI] ,19.6146 ,99622.55339999999 ,https://www.sec.gov/Archives/edgar/data/1204375/000120919121001162/xslF345X03/doc4.xml ,0, 0, 0, 
Cardinal Ethanol LLC[NA] ,5000.0 ,40000.0 ,https://www.sec.gov/Archives/edgar/data/1352081/000147149821000001/xslF345X03/primary_doc.xml ,1, 0, 1, 
Cardinal Ethanol LLC[NA] ,5000.0 ,80000.0 ,https://www.sec.gov/Archives/edgar/data/1352081/000147149821000001/xslF345X03/primary_doc.xml ,1, 0, 1, 
Bankwell Financial Group Inc.[BWFG] ,19.83 ,1031.1599999999999 ,https://www.sec.gov/Archives/edgar/data/1505732/000150573221000009/xslF345X03/wf-form4_160996411319723.xml ,1, 0, 0, 
Bankwell Financial Group Inc.[BWFG] ,19.83 ,951.8399999999999 ,https://www.sec.gov/Archives/edgar/data/1505732/000150573221000011/xslF345X03/wf-form4_160996414642108.xml ,1, 0, 0, 
Bankwell Financial Group Inc.[BWFG] ,19.83 ,1189.8 ,https://www.sec.gov/Archives/edgar/data/1505732/000150573221000014/xslF345X03/wf-form4_160996419748350.xml ,1, 0, 0, 
MALVERN BANCORP INC.[MLVF] ,15.5 ,2419.2709999999997 ,https://www.sec.gov/Archives/edgar/data/1550603/000120919121002231/xslF345X03/doc4.xml ,1, 0, 0, 
Fortress Value Acquisition Corp. III[FVT] ,0.0 ,0.0 ,https://www.sec.gov/Archives/edgar/data/1382028/000089924321000869/xslF345X03/doc4.xml ,0, 1, 0, 
Fortress Value Acquisition Corp. III[FVT] ,0.0 ,0.0 ,https://www.sec.gov/Archives/edgar/data/1382028/000089924321000869/xslF345X03/doc4.xml ,0, 1, 0, 
GLOBAL MACRO TRUST[None] ,3500.0 ,5939.5 ,https://www.sec.gov/Archives/edgar/data/1145765/000129457221000001/xslF345X03/primary_doc.xml ,0, 0, 0, 
Bespoke Extracts Inc.[BSPK] ,0.02 ,100000.0 ,https://www.sec.gov/Archives/edgar/data/1409197/000121390021000938/xslF345X03/ownership.xml ,1, 1, 1, 
Stock Yards Bancorp Inc.[SYBT] ,40.38 ,788.4195 ,https://www.sec.gov/Archives/edgar/data/835324/000143774921000346/xslF345X03/rdgdoc.xml ,1, 
    , 
        , 
BlackRock Capital Allocation Trust[BCAT] ,21.6969 ,173575.19999999998 ,https://www.sec.gov/Archives/edgar/data/1436848/000089924321001033/xslF345X03/doc4.xml ,0, 0, 0, 
BlackRock Capital Allocation Trust[BCAT] ,21.87 ,32805.0 ,https://www.sec.gov/Archives/edgar/data/1809541/000089924321001036/xslF345X03/doc4.xml ,0, 0, 0, 
Cheniere Energy Partners L.P.[CQP] ,34.77 ,1779250.4400000002 ,https://www.sec.gov/Archives/edgar/data/1070844/000089924321000501/xslF345X03/doc4.xml ,0, 0, 1, 
Cheniere Energy Partners L.P.[CQP] ,35.43 ,721354.8 ,https://www.sec.gov/Archives/edgar/data/1070844/000089924321000501/xslF345X03/doc4.xml ,0, 0, 1, 
Cheniere Energy Partners L.P.[CQP] ,34.93 ,1481905.25 ,https://www.sec.gov/Archives/edgar/data/1070844/000089924321000779/xslF345X03/doc4.xml ,0, 0, 1, 
Blue Apron Holdings Inc.[APRN] ,5.63 ,45040.0 ,https://www.sec.gov/Archives/edgar/data/1701114/000149315221000330/xslF345X03/ownership.xml ,0, 0, 1, 
FIRST FINANCIAL BANCORP /OH/[FFBC] ,17.53 ,9361.02 ,https://www.sec.gov/Archives/edgar/data/708955/000112760221000566/xslF345X03/form4.xml ,1, 
    , 
        , 
MID PENN BANCORP INC[MPB] ,21.9 ,2496.6 ,https://www.sec.gov/Archives/edgar/data/879635/000117184321000052/xslF345X03/ownership.xml ,1, 0, 0, 
MARCHEX INC[MCHX] ,1.745 ,7110.875 ,https://www.sec.gov/Archives/edgar/data/1224133/000106299321000031/xslF345X03/form4.xml ,0, 0, 1, 
MARCHEX INC[MCHX] ,1.745 ,63994.385 ,https://www.sec.gov/Archives/edgar/data/1224133/000106299321000031/xslF345X03/form4.xml ,0, 0, 1, 
SOUTH DAKOTA SOYBEAN PROCESSORS LLC[N.A.] ,3.1 ,18600.0 ,https://www.sec.gov/Archives/edgar/data/1163609/000116360921000002/xslF345X03/wf-form4_160988519332905.xml ,1, 0, 0, 
SOUTH DAKOTA SOYBEAN PROCESSORS LLC[N.A.] ,3.11 ,27990.0 ,https://www.sec.gov/Archives/edgar/data/1163609/000116360921000002/xslF345X03/wf-form4_160988519332905.xml ,1, 0, 0, 
MID PENN BANCORP INC[MPB] ,21.9 ,4993.2 ,https://www.sec.gov/Archives/edgar/data/879635/000117184321000053/xslF345X03/ownership.xml ,1, 0, 0, 
GLOBAL MACRO TRUST[None] ,19950.0 ,192956.40000000002 ,https://www.sec.gov/Archives/edgar/data/1145765/000129457421000001/xslF345X03/primary_doc.xml ,0, 0, 0, 
RGC RESOURCES INC[RGCO] ,24.21 ,100.01151000000002 ,https://www.sec.gov/Archives/edgar/data/1069533/000180142121000001/xslF345X03/primary_doc.xml ,0, 1, 0, 
C. H. ROBINSON WORLDWIDE INC.[CHRW] ,93.583 ,5159.2307900000005 ,https://www.sec.gov/Archives/edgar/data/1043277/000120919121001182/xslF345X03/doc4.xml ,1, 0, 0, 
CARRIAGE SERVICES INC[CSV] ,31.08 ,31080.0 ,https://www.sec.gov/Archives/edgar/data/1016281/000101628121000014/xslF345X03/wf-form4_160979553184838.xml ,1, 0, 0, 
CENTURY BANCORP INC[CNBKA] ,77.58 ,11093.94 ,https://www.sec.gov/Archives/edgar/data/812348/000109767221000001/xslF345X03/primary_doc.xml ,0, 0, 1, 
CENTURY BANCORP INC[CNBKA] ,77.0 ,15400.0 ,https://www.sec.gov/Archives/edgar/data/812348/000109767221000001/xslF345X03/primary_doc.xml ,0, 0, 1, 
CENTURY BANCORP INC[CNBKA] ,77.42 ,29806.7 ,https://www.sec.gov/Archives/edgar/data/812348/000109767221000001/xslF345X03/primary_doc.xml ,0, 0, 1, 
CENTURY BANCORP INC[CNBKA] ,77.525 ,15505.000000000002 ,https://www.sec.gov/Archives/edgar/data/812348/000109767221000001/xslF345X03/primary_doc.xml ,0, 0, 1, 
CENTURY BANCORP INC[CNBKA] ,135.99 ,748.720143 ,https://www.sec.gov/Archives/edgar/data/812348/000112760221001247/xslF345X03/form4.xml ,1, 1, Chairman, CEO and President, 
CENTURY BANCORP INC[CNBKA] ,135.99 ,469.42388100000005 ,https://www.sec.gov/Archives/edgar/data/812348/000112760221001249/xslF345X03/form4.xml ,null, null, null, 
CFN Enterprises Inc.[CNFN] ,0.04 ,25000.0 ,https://www.sec.gov/Archives/edgar/data/1352952/000109690621000049/xslF345X03/form4.xml ,1, 1, 0, 
Owl Rock Capital Corp III[NONE] ,0.0 ,0.0 ,https://www.sec.gov/Archives/edgar/data/1786096/000089924321000748/xslF345X03/doc4.xml ,0, 0, 1, 
GlassBridge Enterprises Inc.[GLAE] ,0.0 ,0.0 ,https://www.sec.gov/Archives/edgar/data/1014111/000092189521000034/xslF345X03/form412755003_01052021.xml ,0, 0, 1, 
CNB FINANCIAL CORP/PA[CCNE] ,29.54 ,14770.0 ,https://www.sec.gov/Archives/edgar/data/736772/000120919121002428/xslF345X03/doc4.xml ,1, 0, 0, 
CNL Strategic Capital LLC[NONE] ,0.0 ,0.0 ,https://www.sec.gov/Archives/edgar/data/1618244/000138713121000049/xslF345X03/ownership.xml ,0, 1, 0, 
CNL Strategic Capital LLC[NONE] ,0.0 ,0.0 ,https://www.sec.gov/Archives/edgar/data/1684682/000138713121000050/xslF345X03/ownership.xml ,0, 1, 0, 
CODORUS VALLEY BANCORP INC[CVLY] ,17.08 ,3415.9999999999995 ,https://www.sec.gov/Archives/edgar/data/806279/000080627921000001/xslF345X03/primary_doc.xml ,1, 0, 0, 
COLUMBIA BANKING SYSTEM INC.[COLB] ,24.06 ,3296.22 ,https://www.sec.gov/Archives/edgar/data/887343/000088734321000013/xslF345X03/wf-form4_161013711255994.xml ,0, 1, 0, 
COLUMBIA BANKING SYSTEM INC.[COLB] ,24.06 ,4306.74 ,https://www.sec.gov/Archives/edgar/data/887343/000088734321000014/xslF345X03/wf-form4_161013713010924.xml ,1, 1, 0, 
CONSOLIDATED EDISON INC[ED] ,72.27 ,931.2712199999999 ,https://www.sec.gov/Archives/edgar/data/1047862/000104786221000007/xslF345X03/edgar.xml ,0, 1, 0, 
CONSOLIDATED EDISON INC[ED] ,72.27 ,2786.8757399999995 ,https://www.sec.gov/Archives/edgar/data/1047862/000104786221000011/xslF345X03/edgar.xml ,0, 1, 0, 
CONSOLIDATED EDISON INC[ED] ,72.27 ,11009.53953 ,https://www.sec.gov/Archives/edgar/data/1047862/000104786221000012/xslF345X03/edgar.xml ,0, 1, 0, 
CONSOLIDATED EDISON INC[ED] ,72.27 ,8607.28473 ,https://www.sec.gov/Archives/edgar/data/1047862/000104786221000013/xslF345X03/edgar.xml ,0, 1, 0, 
CONSOLIDATED EDISON INC[ED] ,72.27 ,1549.5410699999998 ,https://www.sec.gov/Archives/edgar/data/1047862/000104786221000014/xslF345X03/edgar.xml ,0, 1, 0, 
CONSOLIDATED EDISON INC[ED] ,72.27 ,8684.54136 ,https://www.sec.gov/Archives/edgar/data/1047862/000104786221000015/xslF345X03/edgar.xml ,0, 1, 0, 
CONSOLIDATED EDISON INC[ED] ,72.27 ,5436.727559999999 ,https://www.sec.gov/Archives/edgar/data/1047862/000104786221000020/xslF345X03/edgar.xml ,1, 1, 0, 
CONSOLIDATED EDISON INC[ED] ,72.27 ,5897.231999999999 ,https://www.sec.gov/Archives/edgar/data/1047862/000104786221000021/xslF345X03/edgar.xml ,1, 0, 0, 
CONSOLIDATED EDISON INC[ED] ,72.27 ,100.52757 ,https://www.sec.gov/Archives/edgar/data/1047862/000104786221000022/xslF345X03/edgar.xml ,0, 1, 0, 
CONSOLIDATED EDISON INC[ED] ,72.27 ,4970.875139999999 ,https://www.sec.gov/Archives/edgar/data/1047862/000104786221000023/xslF345X03/edgar.xml ,0, 1, 0, 
Global Water Resources Inc.[GWRS] ,15.04 ,403.25248 ,https://www.sec.gov/Archives/edgar/data/1434728/000143472821000006/xslF345X03/wf-form4_160978073689550.xml ,1, 0, 0, 
CRYO CELL INTERNATIONAL INC[CCEL] ,7.42 ,5795.0199999999995 ,https://www.sec.gov/Archives/edgar/data/862692/000120919121002210/xslF345X03/doc4.xml ,1, 1, 0, 
CRYO CELL INTERNATIONAL INC[CCEL] ,7.41 ,7410.0 ,https://www.sec.gov/Archives/edgar/data/862692/000120919121002210/xslF345X03/doc4.xml ,1, 1, 0, 
CRYO CELL INTERNATIONAL INC[CCEL] ,7.4 ,2220.0 ,https://www.sec.gov/Archives/edgar/data/862692/000120919121002210/xslF345X03/doc4.xml ,1, 1, 0, 
Cardinal Ethanol LLC[NA] ,5010.0 ,150300.0 ,https://www.sec.gov/Archives/edgar/data/1352081/000171079721000001/xslF345X03/primary_doc.xml ,1, 0, 0, 
FRANKLIN FINANCIAL SERVICES CORP /PA/[FRAF] ,29.84 ,29.84 ,https://www.sec.gov/Archives/edgar/data/723646/000149295021000001/xslF345X03/primary_doc.xml ,0, 1, 0, 
Carter Bankshares Inc.[CARE] ,10.63 ,488.98 ,https://www.sec.gov/Archives/edgar/data/1824976/000141588921000046/xslF345X03/form4-01052021_070140.xml ,true, true, false, 
Carter Bankshares Inc.[CARE] ,10.61 ,339.52 ,https://www.sec.gov/Archives/edgar/data/1299386/000141588921000048/xslF345X03/form4-01052021_070147.xml ,true, false, false, 
Carter Bankshares Inc.[CARE] ,10.64 ,989.5200000000001 ,https://www.sec.gov/Archives/edgar/data/1825575/000141588921000050/xslF345X03/form4-01052021_070140.xml ,false, true, false, 
Carter Bankshares Inc.[CARE] ,10.64 ,1979.0400000000002 ,https://www.sec.gov/Archives/edgar/data/1305347/000141588921000052/xslF345X03/form4-01052021_070148.xml ,true, true, false, 
FRANKLIN FINANCIAL SERVICES CORP /PA/[FRAF] ,29.84 ,89.52 ,https://www.sec.gov/Archives/edgar/data/723646/000139138021000001/xslF345X03/primary_doc.xml ,0, 1, 0, 
Ventoux CCM Acquisition Corp.[VTAQU] ,1.0 ,225000.0 ,https://www.sec.gov/Archives/edgar/data/1822145/000121390021000435/xslF345X03/ownership.xml ,0, 0, 1, 
Clearside Biomedical Inc.[CLSD] ,2.851 ,999988.25 ,https://www.sec.gov/Archives/edgar/data/933430/000093343021000001/xslF345X03/primary_doc.xml ,0, 0, 1, 
Compass Diversified Holdings[CODI] ,19.6134 ,119563.2864 ,https://www.sec.gov/Archives/edgar/data/1203119/000120919121001170/xslF345X03/doc4.xml ,0, 0, 0, 
Compass Diversified Holdings[CODI] ,19.6146 ,99622.55339999999 ,https://www.sec.gov/Archives/edgar/data/1345126/000120919121001177/xslF345X03/doc4.xml ,0, 0, 0, 
Compass Diversified Holdings[CODI] ,19.6174 ,99636.7746 ,https://www.sec.gov/Archives/edgar/data/1255000/000120919121001183/xslF345X03/doc4.xml ,0, 0, 0, 
Compass Diversified Holdings[CODI] ,19.6141 ,99620.0139 ,https://www.sec.gov/Archives/edgar/data/1345126/000120919121001191/xslF345X03/doc4.xml ,0, 0, 0, 
Compass Diversified Holdings[CODI] ,19.6157 ,99628.1403 ,https://www.sec.gov/Archives/edgar/data/1345126/000120919121001197/xslF345X03/doc4.xml ,0, 0, 0, 
PBF Logistics LP[PBFX] ,8.7862 ,109827.49999999999 ,https://www.sec.gov/Archives/edgar/data/1273693/000114036121000092/xslF345X03/form4.xml ,null, null, null, 
MALVERN BANCORP INC.[MLVF] ,15.5 ,2419.2709999999997 ,https://www.sec.gov/Archives/edgar/data/1550603/000120919121002234/xslF345X03/doc4.xml ,1, 0, 0, 
FRANKLIN FINANCIAL SERVICES CORP /PA/[FRAF] ,29.84 ,5013.12 ,https://www.sec.gov/Archives/edgar/data/723646/000180559721000001/xslF345X03/primary_doc.xml ,1, 0, 0, 
Creatd Inc.[CRTD] ,4.01 ,20050.0 ,https://www.sec.gov/Archives/edgar/data/1357671/000121390021000451/xslF345X03/ownership.xml ,0, 0, 1, 
Creatd Inc.[CRTD] ,3.83 ,7660.0 ,https://www.sec.gov/Archives/edgar/data/1357671/000121390021000451/xslF345X03/ownership.xml ,0, 0, 1, 
Creatd Inc.[CRTD] ,1000.0 ,100000.0 ,https://www.sec.gov/Archives/edgar/data/1357671/000121390021000729/xslF345X03/ownership.xml ,0, 0, 1, 
Creatd Inc.[CRTD] ,1000.0 ,3.6408E7 ,https://www.sec.gov/Archives/edgar/data/1357671/000121390021000729/xslF345X03/ownership.xml ,0, 0, 1, 
HIGHWATER ETHANOL LLC[NA] ,5850.0 ,5850.0 ,https://www.sec.gov/Archives/edgar/data/1371451/000145628821000001/xslF345X03/primary_doc.xml ,1, 0, 0, 
DarioHealth Corp.[DRIO] ,0.0 ,0.0 ,https://www.sec.gov/Archives/edgar/data/1403497/000110465921001489/xslF345X03/tm211458d1_4.xml ,1, 0, 0, 
MID PENN BANCORP INC[MPB] ,21.9 ,6241.5 ,https://www.sec.gov/Archives/edgar/data/879635/000117184321000054/xslF345X03/ownership.xml ,1, 0, 0, 
Diversicare Healthcare Services Inc.[DVCR] ,2.66 ,42613.200000000004 ,https://www.sec.gov/Archives/edgar/data/919956/000120919121001569/xslF345X03/doc4.xml ,0, 0, 1, 
Diversicare Healthcare Services Inc.[DVCR] ,2.66 ,12656.28 ,https://www.sec.gov/Archives/edgar/data/919956/000120919121001569/xslF345X03/doc4.xml ,0, 0, 1, 
Diversicare Healthcare Services Inc.[DVCR] ,2.95 ,7790.950000000001 ,https://www.sec.gov/Archives/edgar/data/919956/000120919121001569/xslF345X03/doc4.xml ,0, 0, 1, 
Diversicare Healthcare Services Inc.[DVCR] ,2.95 ,3419.05 ,https://www.sec.gov/Archives/edgar/data/919956/000120919121001569/xslF345X03/doc4.xml ,0, 0, 1, 
Diversicare Healthcare Services Inc.[DVCR] ,3.13 ,248130.75 ,https://www.sec.gov/Archives/edgar/data/919956/000120919121001569/xslF345X03/doc4.xml ,0, 0, 1, 
Diversicare Healthcare Services Inc.[DVCR] ,3.13 ,108886.44 ,https://www.sec.gov/Archives/edgar/data/919956/000120919121001569/xslF345X03/doc4.xml ,0, 0, 1, 
FRANKLIN FINANCIAL SERVICES CORP /PA/[FRAF] ,29.84 ,1014.56 ,https://www.sec.gov/Archives/edgar/data/723646/000163850921000001/xslF345X03/primary_doc.xml ,1, 0, 0, 
FOOT LOCKER INC.[FL] ,39.0 ,334659.0 ,https://www.sec.gov/Archives/edgar/data/850209/000121390021000697/xslF345X03/ownership.xml ,0, 0, 1, 
EZCORP INC[EZPW] ,4.8217 ,4821.7 ,https://www.sec.gov/Archives/edgar/data/876523/000159615821000002/xslF345X03/wf-form4_160988077126159.xml ,1, 1, 0, 
Eaton Vance Floating-Rate Income Trust[EFT] ,13.23 ,789566.4 ,https://www.sec.gov/Archives/edgar/data/1288992/000151028121000001/xslF345X03/primary_doc.xml ,0, 0, 1, 
Eaton Vance Floating-Rate Income Trust[EFT] ,13.12 ,467360.63999999996 ,https://www.sec.gov/Archives/edgar/data/1288992/000151028121000001/xslF345X03/primary_doc.xml ,0, 0, 1, 
Eaton Vance Floating-Rate Income Trust[EFT] ,13.12 ,236960.31999999998 ,https://www.sec.gov/Archives/edgar/data/1288992/000151028121000005/xslF345X03/primary_doc.xml ,0, 0, 1, 
Energy Services of America CORP[ESOA] ,1.13 ,343021.67 ,https://www.sec.gov/Archives/edgar/data/1357971/000144647221000002/xslF345X03/primary_doc.xml ,0, 0, 1, 
Energy Services of America CORP[ESOA] ,1.2 ,149997.6 ,https://www.sec.gov/Archives/edgar/data/1357971/000144647221000002/xslF345X03/primary_doc.xml ,0, 0, 1, 
Energy Services of America CORP[ESOA] ,1.2 ,1404.0 ,https://www.sec.gov/Archives/edgar/data/1357971/000144647221000002/xslF345X03/primary_doc.xml ,0, 0, 1, 
SOUTH DAKOTA SOYBEAN PROCESSORS LLC[N.A.] ,3.1 ,15500.0 ,https://www.sec.gov/Archives/edgar/data/1163609/000116360921000012/xslF345X03/wf-form4_160997294142420.xml ,1, 0, 0, 
Evanston Alternative Opportunities Fund[NONE] ,11.1005 ,2999999.994648 ,https://www.sec.gov/Archives/edgar/data/1589390/000089843221000010/xslF345X03/form4.xml ,null, null, null, 
FARMERS NATIONAL BANC CORP /OH/[FMNB] ,0.0 ,0.0 ,https://www.sec.gov/Archives/edgar/data/709337/000120919121001764/xslF345X03/doc4.xml ,1, 1, 0, 
FARMERS NATIONAL BANC CORP /OH/[FMNB] ,13.18 ,4797.5199999999995 ,https://www.sec.gov/Archives/edgar/data/709337/000120919121001766/xslF345X03/doc4.xml ,1, 0, 0, 
FARMERS NATIONAL BANC CORP /OH/[FMNB] ,13.18 ,3743.12 ,https://www.sec.gov/Archives/edgar/data/709337/000120919121001767/xslF345X03/doc4.xml ,1, 0, 0, 
FARMERS NATIONAL BANC CORP /OH/[FMNB] ,13.18 ,1252.1 ,https://www.sec.gov/Archives/edgar/data/709337/000120919121001768/xslF345X03/doc4.xml ,0, 1, 0, 
FARMERS NATIONAL BANC CORP /OH/[FMNB] ,13.18 ,197.7 ,https://www.sec.gov/Archives/edgar/data/709337/000120919121001769/xslF345X03/doc4.xml ,0, 1, 0, 
FIRST FINANCIAL BANCORP /OH/[FFBC] ,17.53 ,3120.34 ,https://www.sec.gov/Archives/edgar/data/708955/000112760221000622/xslF345X03/form4.xml ,1, 
    , 
        , 
FIRST FINANCIAL BANCORP /OH/[FFBC] ,17.53 ,6240.68 ,https://www.sec.gov/Archives/edgar/data/708955/000112760221000641/xslF345X03/form4.xml ,1, 
    , 
        , 
FIRST FINANCIAL BANCORP /OH/[FFBC] ,17.53 ,12498.890000000001 ,https://www.sec.gov/Archives/edgar/data/708955/000112760221000679/xslF345X03/form4.xml ,1, 
    , 
        , 
FIRST FINANCIAL BANCORP /OH/[FFBC] ,17.53 ,12498.890000000001 ,https://www.sec.gov/Archives/edgar/data/708955/000112760221000721/xslF345X03/form4.xml ,1, 
    , 
        , 
FIRST MERCHANTS CORP[FRME] ,33.079 ,6615.8 ,https://www.sec.gov/Archives/edgar/data/712534/000071253421000016/xslF345X03/wf-form4_160988699303304.xml ,1, 0, 0, 
FIRST MERCHANTS CORP[FRME] ,37.18 ,499.99664 ,https://www.sec.gov/Archives/edgar/data/712534/000071253421000021/xslF345X03/wf-form4_160988718269730.xml ,1, 0, 0, 
FIRST TRUST HIGH YIELD OPPORTUNITIES 2027 TERM FUND[FTHY] ,19.9478 ,19947.8 ,https://www.sec.gov/Archives/edgar/data/1501080/000144554621000017/xslF345X03/housey4_fthy.xml ,0, 0, 0, 
FIRST TRUST HIGH YIELD OPPORTUNITIES 2027 TERM FUND[FTHY] ,19.95 ,39900.0 ,https://www.sec.gov/Archives/edgar/data/1501080/000144554621000017/xslF345X03/housey4_fthy.xml ,0, 0, 0, 
FIRST TRUST HIGH YIELD OPPORTUNITIES 2027 TERM FUND[FTHY] ,19.9486 ,39897.2 ,https://www.sec.gov/Archives/edgar/data/1501080/000144554621000017/xslF345X03/housey4_fthy.xml ,0, 0, 0, 
FLEXSTEEL INDUSTRIES INC[FLXS] ,33.12 ,2206.1960639999998 ,https://www.sec.gov/Archives/edgar/data/37472/000112760221001243/xslF345X03/form4.xml ,1, 
    , 
        , 
FRANKLIN FINANCIAL SERVICES CORP /PA/[FRAF] ,29.84 ,89.52 ,https://www.sec.gov/Archives/edgar/data/723646/000149294821000001/xslF345X03/primary_doc.xml ,0, 1, 0, 
MALVERN BANCORP INC.[MLVF] ,15.5 ,2657.754 ,https://www.sec.gov/Archives/edgar/data/1550603/000120919121002266/xslF345X03/doc4.xml ,1, 0, 0, 
First Eagle Senior Loan Fund[FSLF] ,13.89 ,25002.0 ,https://www.sec.gov/Archives/edgar/data/1510281/000151028121000002/xslF345X03/primary_doc.xml ,0, 0, 1, 
First Eagle Senior Loan Fund[FSLF] ,13.86 ,274511.16 ,https://www.sec.gov/Archives/edgar/data/1510281/000151028121000002/xslF345X03/primary_doc.xml ,0, 0, 1, 
First Eagle Senior Loan Fund[FSLF] ,13.9 ,208569.5 ,https://www.sec.gov/Archives/edgar/data/1510281/000151028121000006/xslF345X03/primary_doc.xml ,0, 0, 1, 
First Eagle Senior Loan Fund[FSLF] ,13.97 ,542077.91 ,https://www.sec.gov/Archives/edgar/data/1510281/000151028121000006/xslF345X03/primary_doc.xml ,0, 0, 1, 
MALVERN BANCORP INC.[MLVF] ,15.5 ,2657.754 ,https://www.sec.gov/Archives/edgar/data/1550603/000120919121002270/xslF345X03/doc4.xml ,1, 0, 0, 
KINGSWAY FINANCIAL SERVICES INC[KFS] ,4.8088 ,2082.2104 ,https://www.sec.gov/Archives/edgar/data/1072627/000107262721000003/xslF345X03/primary_doc.xml ,1, 1, 0, 
GLOBAL MACRO TRUST[None] ,7000.0 ,23758.0 ,https://www.sec.gov/Archives/edgar/data/1145765/000150036421000002/xslF345X03/primary_doc.xml ,0, 0, 0, 
Fortress Value Acquisition Corp. III[FVT] ,0.0 ,0.0 ,https://www.sec.gov/Archives/edgar/data/1820274/000089924321000864/xslF345X03/doc4.xml ,1, 0, 0, 
Fortress Value Acquisition Corp. III[FVT] ,0.0 ,0.0 ,https://www.sec.gov/Archives/edgar/data/1820274/000089924321000864/xslF345X03/doc4.xml ,1, 0, 0, 
Fortress Value Acquisition Corp. III[FVT] ,0.0 ,0.0 ,https://www.sec.gov/Archives/edgar/data/1719585/000089924321000867/xslF345X03/doc4.xml ,1, 0, 0, 
Fortress Value Acquisition Corp. III[FVT] ,0.0 ,0.0 ,https://www.sec.gov/Archives/edgar/data/1719585/000089924321000867/xslF345X03/doc4.xml ,1, 0, 0, 
Fortress Value Acquisition Corp. III[FVT] ,0.0 ,0.0 ,https://www.sec.gov/Archives/edgar/data/1680357/000089924321000871/xslF345X03/doc4.xml ,1, 1, 0, 
Fortress Value Acquisition Corp. III[FVT] ,0.0 ,0.0 ,https://www.sec.gov/Archives/edgar/data/1680357/000089924321000871/xslF345X03/doc4.xml ,1, 1, 0, 
Fortress Value Acquisition Corp. III[FVT] ,0.0 ,0.0 ,https://www.sec.gov/Archives/edgar/data/1819970/000089924321000872/xslF345X03/doc4.xml ,0, 1, 0, 
Fortress Value Acquisition Corp. III[FVT] ,0.0 ,0.0 ,https://www.sec.gov/Archives/edgar/data/1819970/000089924321000872/xslF345X03/doc4.xml ,0, 1, 0, 
MID PENN BANCORP INC[MPB] ,21.9 ,2496.6 ,https://www.sec.gov/Archives/edgar/data/879635/000117184321000055/xslF345X03/ownership.xml ,1, 0, 0, 
Fundrise Real Estate Interval Fund LLC[None] ,10.0 ,437.59999999999997 ,https://www.sec.gov/Archives/edgar/data/1777677/000179978121000001/xslF345X03/primary_doc.xml ,0, 0, 0, 
Fundrise Real Estate Interval Fund LLC[None] ,10.0 ,95.42 ,https://www.sec.gov/Archives/edgar/data/1777677/000183699821000001/xslF345X03/primary_doc.xml ,0, 1, 0, 
NETSOL TECHNOLOGIES INC[NTWK] ,4.01 ,20050.0 ,https://www.sec.gov/Archives/edgar/data/1039280/000149315221000434/xslF345X03/ownership.xml ,1, 1, 0, 
GOLUB CAPITAL BDC Inc.[GBDC] ,13.9338 ,27867.6 ,https://www.sec.gov/Archives/edgar/data/1311018/000147676521000001/xslF345X03/wf-form4_160976731332457.xml ,1, 1, 0, 
GOLUB CAPITAL BDC Inc.[GBDC] ,14.0399 ,28079.8 ,https://www.sec.gov/Archives/edgar/data/1311018/000147676521000001/xslF345X03/wf-form4_160976731332457.xml ,1, 1, 0, 
GOLUB CAPITAL BDC Inc.[GBDC] ,13.9338 ,27867.6 ,https://www.sec.gov/Archives/edgar/data/1298389/000147676521000002/xslF345X03/wf-form4_160976735995360.xml ,1, 1, 0, 
GOLUB CAPITAL BDC Inc.[GBDC] ,14.0399 ,28079.8 ,https://www.sec.gov/Archives/edgar/data/1298389/000147676521000002/xslF345X03/wf-form4_160976735995360.xml ,1, 1, 0, 
GOLUB CAPITAL BDC Inc.[GBDC] ,14.0544 ,22107.5712 ,https://www.sec.gov/Archives/edgar/data/1298389/000147676521000003/xslF345X03/wf-form4_160996962766654.xml ,1, 1, 0, 
GOLUB CAPITAL BDC Inc.[GBDC] ,14.1 ,4230.0 ,https://www.sec.gov/Archives/edgar/data/1298389/000147676521000003/xslF345X03/wf-form4_160996962766654.xml ,1, 1, 0, 
GOLUB CAPITAL BDC Inc.[GBDC] ,14.0544 ,22107.5712 ,https://www.sec.gov/Archives/edgar/data/1311018/000147676521000004/xslF345X03/wf-form4_160996968605659.xml ,1, 1, 0, 
GOLUB CAPITAL BDC Inc.[GBDC] ,14.1 ,4230.0 ,https://www.sec.gov/Archives/edgar/data/1311018/000147676521000004/xslF345X03/wf-form4_160996968605659.xml ,1, 1, 0, 
GOLUB CAPITAL BDC Inc.[GBDC] ,14.097 ,28194.0 ,https://www.sec.gov/Archives/edgar/data/1311018/000147676521000005/xslF345X03/wf-form4_161014482134719.xml ,1, 1, 0, 
GOLUB CAPITAL BDC Inc.[GBDC] ,14.097 ,28194.0 ,https://www.sec.gov/Archives/edgar/data/1298389/000147676521000006/xslF345X03/wf-form4_161014488942271.xml ,1, 1, 0, 
GREIF INC[GEF,GEF.B] ,49.2446 ,233911.85 ,https://www.sec.gov/Archives/edgar/data/43920/000141443321000002/xslF345X03/wf-form4_160979681477362.xml ,0, 1, 0, 
GREIF INC[GEF,GEF.B] ,49.8572 ,244300.28 ,https://www.sec.gov/Archives/edgar/data/43920/000141443321000004/xslF345X03/wf-form4_160995003396180.xml ,0, 1, 0, 
GREIF INC[GEF,GEF.B] ,53.0836 ,260109.63999999998 ,https://www.sec.gov/Archives/edgar/data/43920/000141443321000006/xslF345X03/wf-form4_161003191857983.xml ,0, 1, 0, 
Ventoux CCM Acquisition Corp.[VTAQU] ,1.0 ,225000.0 ,https://www.sec.gov/Archives/edgar/data/1423905/000121390021000437/xslF345X03/ownership.xml ,1, 0, 1, 
Integer Holdings Corp[ITGR] ,0.0 ,0.0 ,https://www.sec.gov/Archives/edgar/data/1114483/000120919121001470/xslF345X03/doc4.xml ,0, 1, 0, 
Global Water Resources Inc.[GWRS] ,15.14 ,61.90746000000001 ,https://www.sec.gov/Archives/edgar/data/1434728/000143472821000016/xslF345X03/wf-form4_160978162181899.xml ,0, 1, 0, 
Good Times Restaurants Inc.[GTIM] ,2.1 ,6930.0 ,https://www.sec.gov/Archives/edgar/data/825324/000121465921000172/xslF345X03/marketforms-50809.xml ,true, false, false, 
Gritstone Oncology Inc.[GRTS] ,3.71 ,5000000.39 ,https://www.sec.gov/Archives/edgar/data/1619294/000089924321000160/xslF345X03/doc4.xml ,1, 0, 0, 
MID PENN BANCORP INC[MPB] ,21.9 ,4993.2 ,https://www.sec.gov/Archives/edgar/data/879635/000117184321000050/xslF345X03/ownership.xml ,1, 0, 0, 
HIGHWATER ETHANOL LLC[NA] ,5800.0 ,11600.0 ,https://www.sec.gov/Archives/edgar/data/1371451/000145631821000001/xslF345X03/primary_doc.xml ,0, 1, 0, 
TEXAS PACIFIC LAND TRUST[TPL] ,727.0 ,14540.0 ,https://www.sec.gov/Archives/edgar/data/97517/000105682321000001/xslF345X03/primary_doc.xml ,0, 0, 1, 
TEXAS PACIFIC LAND TRUST[TPL] ,756.56 ,33288.64 ,https://www.sec.gov/Archives/edgar/data/97517/000105682321000002/xslF345X03/primary_doc.xml ,0, 0, 1, 
TEXAS PACIFIC LAND TRUST[TPL] ,795.0 ,34980.0 ,https://www.sec.gov/Archives/edgar/data/97517/000105682321000003/xslF345X03/primary_doc.xml ,0, 0, 1, 
TEXAS PACIFIC LAND TRUST[TPL] ,793.02 ,34892.88 ,https://www.sec.gov/Archives/edgar/data/97517/000105682321000004/xslF345X03/primary_doc.xml ,0, 0, 1, 
TEXAS PACIFIC LAND TRUST[TPL] ,778.68 ,34261.92 ,https://www.sec.gov/Archives/edgar/data/97517/000105682321000005/xslF345X03/primary_doc.xml ,0, 0, 1, 
KINGSWAY FINANCIAL SERVICES INC[KFS] ,4.8088 ,1495.5367999999999 ,https://www.sec.gov/Archives/edgar/data/1072627/000107262721000002/xslF345X03/primary_doc.xml ,0, 1, 0, 
Stock Yards Bancorp Inc.[SYBT] ,40.38 ,788.4195 ,https://www.sec.gov/Archives/edgar/data/835324/000143774921000347/xslF345X03/rdgdoc.xml ,1, 
    , 
        , 
UNITIL CORP[UTL] ,43.2553 ,8651.06 ,https://www.sec.gov/Archives/edgar/data/755001/000120919121000051/xslF345X03/doc4.xml ,0, 1, 0, 
KINGSWAY FINANCIAL SERVICES INC[KFS] ,4.8088 ,995.4215999999999 ,https://www.sec.gov/Archives/edgar/data/1072627/000107262721000001/xslF345X03/primary_doc.xml ,0, 1, 0, 
Howard Bancorp Inc[HBMD] ,9.19 ,1396.8799999999999 ,https://www.sec.gov/Archives/edgar/data/1390162/000139016221000001/xslF345X03/primary_doc.xml ,0, 1, 0, 
Howard Bancorp Inc[HBMD] ,9.19 ,1396.8799999999999 ,https://www.sec.gov/Archives/edgar/data/1390162/000139016221000002/xslF345X03/primary_doc.xml ,0, 1, 0, 
Howard Bancorp Inc[HBMD] ,9.19 ,7352.0 ,https://www.sec.gov/Archives/edgar/data/1390162/000139016221000003/xslF345X03/primary_doc.xml ,1, 1, 0, 
Howard Bancorp Inc[HBMD] ,9.19 ,6993.589999999999 ,https://www.sec.gov/Archives/edgar/data/1390162/000139016221000004/xslF345X03/primary_doc.xml ,1, 1, 0, 
Howard Bancorp Inc[HBMD] ,9.19 ,1396.8799999999999 ,https://www.sec.gov/Archives/edgar/data/1245816/000139016221000005/xslF345X03/primary_doc.xml ,0, 1, 0, 
Howard Bancorp Inc[HBMD] ,9.19 ,1396.8799999999999 ,https://www.sec.gov/Archives/edgar/data/1390162/000139016221000006/xslF345X03/primary_doc.xml ,0, 1, 0, 
Howard Bancorp Inc[HBMD] ,9.19 ,2793.7599999999998 ,https://www.sec.gov/Archives/edgar/data/1390162/000139016221000007/xslF345X03/primary_doc.xml ,1, 0, 0, 
ISABELLA BANK Corp[ISBA] ,18.59 ,99.999328 ,https://www.sec.gov/Archives/edgar/data/842517/000084251721000006/xslF345X03/wf-form4_160997423754931.xml ,0, 1, 0, 
ISABELLA BANK Corp[ISBA] ,18.59 ,99.999328 ,https://www.sec.gov/Archives/edgar/data/842517/000084251721000004/xslF345X03/wf-form4_160997420095878.xml ,0, 1, 0, 
ISABELLA BANK Corp[ISBA] ,18.59 ,399.999171 ,https://www.sec.gov/Archives/edgar/data/842517/000084251721000005/xslF345X03/wf-form4_160997421775783.xml ,1, 1, 0, 
Invesco Dynamic Credit Opportunities Fund[VTA] ,10.6 ,61967.6 ,https://www.sec.gov/Archives/edgar/data/1393662/000151028121000004/xslF345X03/primary_doc.xml ,0, 0, 1, 
Invesco Dynamic Credit Opportunities Fund[VTA] ,10.68 ,75828.0 ,https://www.sec.gov/Archives/edgar/data/1393662/000151028121000004/xslF345X03/primary_doc.xml ,0, 0, 1, 
JMP GROUP LLC[JMP] ,3.89 ,972.5 ,https://www.sec.gov/Archives/edgar/data/1142495/000114249521000001/xslF345X03/primary_doc.xml ,0, 0, 1, 
Usio Inc.[USIO] ,3.25 ,38545.0 ,https://www.sec.gov/Archives/edgar/data/1088034/000169041621000001/xslF345X03/primary_doc.xml ,0, 1, 0, 
John Hancock GA Mortgage Trust[N/A] ,21.7412 ,2.7869956445552E7 ,https://www.sec.gov/Archives/edgar/data/1742952/000122861621000005/xslF345X03/primary_doc.xml ,0, 0, 1, 
John Hancock GA Mortgage Trust[N/A] ,21.7412 ,2.2049965478632E7 ,https://www.sec.gov/Archives/edgar/data/1742952/000122861621000006/xslF345X03/primary_doc.xml ,0, 0, 1, 
John Hancock GA Senior Loan Trust[N/A] ,19.9384 ,4189991.555272 ,https://www.sec.gov/Archives/edgar/data/1742951/000122861621000001/xslF345X03/primary_doc.xml ,0, 0, 1, 
John Hancock GA Senior Loan Trust[N/A] ,19.9384 ,5979987.933344 ,https://www.sec.gov/Archives/edgar/data/1742951/000122861621000002/xslF345X03/primary_doc.xml ,0, 0, 1, 
John Hancock GA Senior Loan Trust[N/A] ,19.9384 ,2059995.810584 ,https://www.sec.gov/Archives/edgar/data/1742951/000122861621000003/xslF345X03/primary_doc.xml ,0, 0, 1, 
John Hancock GA Senior Loan Trust[N/A] ,19.9384 ,1799996.4825920002 ,https://www.sec.gov/Archives/edgar/data/1742951/000122861621000004/xslF345X03/primary_doc.xml ,0, 0, 1, 
WILSON BANK HOLDING CO[none] ,58.75 ,940.0 ,https://www.sec.gov/Archives/edgar/data/885275/000180011221000004/xslF345X03/primary_doc.xml ,1, 0, 0, 
MALVERN BANCORP INC.[MLVF] ,15.5 ,3817.0299999999997 ,https://www.sec.gov/Archives/edgar/data/1429127/000120919121002272/xslF345X03/doc4.xml ,1, 0, 0, 
MID PENN BANCORP INC[MPB] ,21.9 ,985.4999999999999 ,https://www.sec.gov/Archives/edgar/data/879635/000117184321000058/xslF345X03/ownership.xml ,1, 0, 0, 
WIZARD BRANDS INC.[WIZDD] ,0.61 ,8668.71 ,https://www.sec.gov/Archives/edgar/data/1113835/000168316821000022/xslF345X03/ownership.xml ,0, 1, 1, 
KINGSWAY FINANCIAL SERVICES INC[KFS] ,4.7096 ,42386.4 ,https://www.sec.gov/Archives/edgar/data/913960/000110465921000163/xslF345X03/tm211464d1_form4.xml ,0, 0, 1, 
KINGSWAY FINANCIAL SERVICES INC[KFS] ,4.7096 ,4709.6 ,https://www.sec.gov/Archives/edgar/data/913960/000110465921000163/xslF345X03/tm211464d1_form4.xml ,0, 0, 1, 
KINGSWAY FINANCIAL SERVICES INC[KFS] ,4.7333 ,63899.549999999996 ,https://www.sec.gov/Archives/edgar/data/913960/000110465921000163/xslF345X03/tm211464d1_form4.xml ,0, 0, 1, 
KINGSWAY FINANCIAL SERVICES INC[KFS] ,4.7333 ,7099.95 ,https://www.sec.gov/Archives/edgar/data/913960/000110465921000163/xslF345X03/tm211464d1_form4.xml ,0, 0, 1, 
KKR Income Opportunities Fund[KIO] ,9.5113 ,19022.600000000002 ,https://www.sec.gov/Archives/edgar/data/1515940/000156761921000827/xslF345X03/doc1.xml ,0, 0, 0, 
PACIFIC HEALTH CARE ORGANIZATION INC[PFHO] ,1.0 ,1000.0 ,https://www.sec.gov/Archives/edgar/data/1138476/000118518521000006/xslF345X03/ownership.xml ,1, 1, 1, 
MID PENN BANCORP INC[MPB] ,21.9 ,4993.2 ,https://www.sec.gov/Archives/edgar/data/879635/000117184321000057/xslF345X03/ownership.xml ,1, 0, 0, 
RING ENERGY INC.[REI] ,0.6592 ,9888.0 ,https://www.sec.gov/Archives/edgar/data/1384195/000164033421000035/xslF345X03/form4.xml ,false, false, true, 
RING ENERGY INC.[REI] ,0.67 ,20100.0 ,https://www.sec.gov/Archives/edgar/data/1384195/000164033421000035/xslF345X03/form4.xml ,false, false, true, 
RING ENERGY INC.[REI] ,0.6758 ,23653.0 ,https://www.sec.gov/Archives/edgar/data/1384195/000164033421000035/xslF345X03/form4.xml ,false, false, true, 
RING ENERGY INC.[REI] ,0.6774 ,25267.02 ,https://www.sec.gov/Archives/edgar/data/1384195/000164033421000035/xslF345X03/form4.xml ,false, false, true, 
RING ENERGY INC.[REI] ,0.6597 ,14975.189999999999 ,https://www.sec.gov/Archives/edgar/data/1384195/000164033421000035/xslF345X03/form4.xml ,false, false, true, 
RING ENERGY INC.[REI] ,0.6798 ,23793.0 ,https://www.sec.gov/Archives/edgar/data/1384195/000164033421000035/xslF345X03/form4.xml ,false, false, true, 
RING ENERGY INC.[REI] ,0.6699 ,33495.0 ,https://www.sec.gov/Archives/edgar/data/1384195/000164033421000035/xslF345X03/form4.xml ,false, false, true, 
RING ENERGY INC.[REI] ,0.6676 ,16690.0 ,https://www.sec.gov/Archives/edgar/data/1384195/000164033421000035/xslF345X03/form4.xml ,false, false, true, 
RING ENERGY INC.[REI] ,0.6652 ,33260.0 ,https://www.sec.gov/Archives/edgar/data/1384195/000164033421000035/xslF345X03/form4.xml ,false, false, true, 
RING ENERGY INC.[REI] ,0.6651 ,33255.0 ,https://www.sec.gov/Archives/edgar/data/1384195/000164033421000035/xslF345X03/form4.xml ,false, false, true, 
RING ENERGY INC.[REI] ,0.6618 ,33090.0 ,https://www.sec.gov/Archives/edgar/data/1384195/000164033421000035/xslF345X03/form4.xml ,false, false, true, 
RING ENERGY INC.[REI] ,0.6559 ,32795.0 ,https://www.sec.gov/Archives/edgar/data/1384195/000164033421000035/xslF345X03/form4.xml ,false, false, true, 
RING ENERGY INC.[REI] ,0.665 ,33250.0 ,https://www.sec.gov/Archives/edgar/data/1384195/000164033421000035/xslF345X03/form4.xml ,false, false, true, 
RING ENERGY INC.[REI] ,0.6577 ,32885.0 ,https://www.sec.gov/Archives/edgar/data/1384195/000164033421000035/xslF345X03/form4.xml ,false, false, true, 
RING ENERGY INC.[REI] ,0.6597 ,32985.0 ,https://www.sec.gov/Archives/edgar/data/1384195/000164033421000035/xslF345X03/form4.xml ,false, false, true, 
RING ENERGY INC.[REI] ,0.6504 ,4520.28 ,https://www.sec.gov/Archives/edgar/data/1384195/000164033421000035/xslF345X03/form4.xml ,false, false, true, 
RING ENERGY INC.[REI] ,0.655 ,982.5 ,https://www.sec.gov/Archives/edgar/data/1384195/000164033421000035/xslF345X03/form4.xml ,false, false, true, 
RING ENERGY INC.[REI] ,0.6555 ,1631.5394999999999 ,https://www.sec.gov/Archives/edgar/data/1384195/000164033421000035/xslF345X03/form4.xml ,false, false, true, 
RING ENERGY INC.[REI] ,0.6576 ,5891.4384 ,https://www.sec.gov/Archives/edgar/data/1384195/000164033421000035/xslF345X03/form4.xml ,false, false, true, 
RING ENERGY INC.[REI] ,0.709 ,93020.79999999999 ,https://www.sec.gov/Archives/edgar/data/1384195/000121465921000254/xslF345X03/marketforms-50900.xml ,false, false, true, 
RING ENERGY INC.[REI] ,0.744 ,285547.2 ,https://www.sec.gov/Archives/edgar/data/1384195/000121465921000300/xslF345X03/marketforms-50905.xml ,false, false, true, 
Stock Yards Bancorp Inc.[SYBT] ,40.38 ,788.4195 ,https://www.sec.gov/Archives/edgar/data/835324/000143774921000349/xslF345X03/rdgdoc.xml ,1, 
    , 
        , 
Tonix Pharmaceuticals Holding Corp.[TNXP] ,0.68 ,23800.0 ,https://www.sec.gov/Archives/edgar/data/1430306/000138713121000041/xslF345X03/lederman-form4_123020.xml ,1, 1, 0, 
LOGIQ INC.[LGIQ] ,7.75 ,38750.0 ,https://www.sec.gov/Archives/edgar/data/1335112/000146970921000001/xslF345X03/suen-form4_081720apg.xml ,1, 1, 0, 
MALVERN BANCORP INC.[MLVF] ,15.5 ,2916.1079999999997 ,https://www.sec.gov/Archives/edgar/data/1550603/000120919121002276/xslF345X03/doc4.xml ,1, 0, 0, 
MALVERN BANCORP INC.[MLVF] ,15.5 ,26543.254 ,https://www.sec.gov/Archives/edgar/data/1490082/000120919121002278/xslF345X03/doc4.xml ,1, 0, 0, 
MID PENN BANCORP INC[MPB] ,21.9 ,3000.2999999999997 ,https://www.sec.gov/Archives/edgar/data/879635/000117184321000059/xslF345X03/ownership.xml ,1, 0, 0, 
MID PENN BANCORP INC[MPB] ,21.9 ,1992.8999999999999 ,https://www.sec.gov/Archives/edgar/data/879635/000117184321000060/xslF345X03/ownership.xml ,1, 0, 0, 
MID PENN BANCORP INC[MPB] ,21.9 ,4489.5 ,https://www.sec.gov/Archives/edgar/data/879635/000117184321000061/xslF345X03/ownership.xml ,1, 0, 0, 
MID PENN BANCORP INC[MPB] ,21.9 ,350.4 ,https://www.sec.gov/Archives/edgar/data/879635/000117184321000062/xslF345X03/ownership.xml ,1, 0, 0, 
MIDWEST HOLDING INC.[mdwt] ,52.41 ,41141.85 ,https://www.sec.gov/Archives/edgar/data/355379/000035537921000001/xslF345X03/primary_doc.xml ,1, 1, 1, 
PDL BIOPHARMA INC.[PDLI] ,2.5 ,1.58130325E7 ,https://www.sec.gov/Archives/edgar/data/882104/000112329221000002/xslF345X03/edgar.xml ,0, 0, 1, 
Ventoux CCM Acquisition Corp.[VTAQU] ,1.0 ,450000.0 ,https://www.sec.gov/Archives/edgar/data/1822145/000121390021000438/xslF345X03/ownership.xml ,1, 1, 1, 
SusGlobal Energy Corp.[SNRG] ,0.25 ,5000.0 ,https://www.sec.gov/Archives/edgar/data/1652539/000106299321000181/xslF345X03/form4.xml ,0, 1, 0, 
SusGlobal Energy Corp.[SNRG] ,0.22 ,2200.0 ,https://www.sec.gov/Archives/edgar/data/1652539/000106299321000181/xslF345X03/form4.xml ,0, 1, 0, 
Root Inc.[ROOT] ,16.7342 ,3162362.1792 ,https://www.sec.gov/Archives/edgar/data/1571355/000110465921000509/xslF345X03/tm211556d1_4seq1.xml ,0, 0, 1, 
Root Inc.[ROOT] ,16.4507 ,8225350.000000001 ,https://www.sec.gov/Archives/edgar/data/1571355/000110465921000509/xslF345X03/tm211556d1_4seq1.xml ,0, 0, 1, 
Root Inc.[ROOT] ,16.7611 ,1089471.5 ,https://www.sec.gov/Archives/edgar/data/1571355/000110465921000509/xslF345X03/tm211556d1_4seq1.xml ,0, 0, 1, 
Wright Investors Service Holdings Inc.[IWSH] ,0.2 ,116587.6 ,https://www.sec.gov/Archives/edgar/data/1279715/000108514621000001/xslF345X03/ownership.xml ,0, 0, 1, 
SandRidge Permian Trust[PERS] ,0.3913 ,14334.4929 ,https://www.sec.gov/Archives/edgar/data/1521168/000089924321000533/xslF345X03/doc4.xml ,0, 0, 1, 
SandRidge Permian Trust[PERS] ,0.3956 ,22910.3828 ,https://www.sec.gov/Archives/edgar/data/1521168/000089924321000533/xslF345X03/doc4.xml ,0, 0, 1, 
SandRidge Permian Trust[PERS] ,0.3901 ,2518.8757 ,https://www.sec.gov/Archives/edgar/data/1521168/000089924321000533/xslF345X03/doc4.xml ,0, 0, 1, 
SandRidge Permian Trust[PERS] ,0.3999 ,15978.4044 ,https://www.sec.gov/Archives/edgar/data/1521168/000089924321001231/xslF345X03/doc4.xml ,0, 0, 1, 
NEW JERSEY MINING CO[NJMC] ,0.18 ,4500.0 ,https://www.sec.gov/Archives/edgar/data/1030192/000105291821000003/xslF345X03/primary_doc.xml ,0, 1, 0, 
NEW JERSEY MINING CO[NJMC] ,0.15 ,15000.0 ,https://www.sec.gov/Archives/edgar/data/1030192/000105291821000002/xslF345X03/primary_doc.xml ,0, 1, 0, 
NEW JERSEY MINING CO[NJMC] ,0.1 ,15000.0 ,https://www.sec.gov/Archives/edgar/data/1030192/000105291821000002/xslF345X03/primary_doc.xml ,0, 1, 0, 
New York City REIT Inc.[NYC] ,8.48 ,1272.0 ,https://www.sec.gov/Archives/edgar/data/1490448/000110465921001093/xslF345X03/tm211817-1_4.xml ,1, 1, 0, 
New York City REIT Inc.[NYC] ,8.34 ,1251.0 ,https://www.sec.gov/Archives/edgar/data/1490448/000110465921001093/xslF345X03/tm211817-1_4.xml ,1, 1, 0, 
New York City REIT Inc.[NYC] ,8.55 ,1282.5 ,https://www.sec.gov/Archives/edgar/data/1490448/000110465921002124/xslF345X03/tm212096-1_4seq1.xml ,1, 1, 0, 
New York City REIT Inc.[NYC] ,8.4 ,1260.0 ,https://www.sec.gov/Archives/edgar/data/1490448/000110465921002124/xslF345X03/tm212096-1_4seq1.xml ,1, 1, 0, 
OMEGA HEALTHCARE INVESTORS INC[OHI] ,36.63 ,18315.0 ,https://www.sec.gov/Archives/edgar/data/888491/000112760221000018/xslF345X03/form4.xml ,1, 
    , 
        , 
RGC RESOURCES INC[RGCO] ,24.21 ,199.99881 ,https://www.sec.gov/Archives/edgar/data/1069533/000180143821000001/xslF345X03/primary_doc.xml ,0, 1, 0, 
PERMA FIX ENVIRONMENTAL SERVICES INC[PESI] ,4.4775 ,10723.6125 ,https://www.sec.gov/Archives/edgar/data/891532/000149315221000167/xslF345X03/ownership.xml ,1, 0, 0, 
PERRIGO Co plc[PRGO] ,43.48 ,326665.24 ,https://www.sec.gov/Archives/edgar/data/1424327/000158536421000002/xslF345X03/wf-form4_161004070660656.xml ,0, 1, 0, 
Viveon Health Acquisition Corp.[VHAQ] ,0.5 ,9000000.0 ,https://www.sec.gov/Archives/edgar/data/1440304/000121390021000063/xslF345X03/ownership.xml ,1, 1, 1, 
Party City Holdco Inc.[PRTY] ,6.1061 ,2482129.65 ,https://www.sec.gov/Archives/edgar/data/1592058/000138713121000215/xslF345X03/ownership.xml ,0, 0, 1, 
Party City Holdco Inc.[PRTY] ,6.6334 ,2099471.1 ,https://www.sec.gov/Archives/edgar/data/1592058/000138713121000284/xslF345X03/ownership.xml ,0, 0, 1, 
Stock Yards Bancorp Inc.[SYBT] ,40.38 ,788.4195 ,https://www.sec.gov/Archives/edgar/data/835324/000143774921000351/xslF345X03/rdgdoc.xml ,1, 
    , 
        , 
RENN Fund Inc.[RCG] ,1.6851 ,126.38250000000001 ,https://www.sec.gov/Archives/edgar/data/919567/000120709721000001/xslF345X03/primary_doc.xml ,1, 1, 0, 
RENN Fund Inc.[RCG] ,1.685 ,505.5 ,https://www.sec.gov/Archives/edgar/data/919567/000120709721000001/xslF345X03/primary_doc.xml ,1, 1, 0, 
RENN Fund Inc.[RCG] ,1.685 ,505.5 ,https://www.sec.gov/Archives/edgar/data/919567/000120709721000001/xslF345X03/primary_doc.xml ,1, 1, 0, 
RENN Fund Inc.[RCG] ,1.675 ,502.5 ,https://www.sec.gov/Archives/edgar/data/919567/000120709721000002/xslF345X03/primary_doc.xml ,1, 1, 0, 
RENN Fund Inc.[RCG] ,1.6751 ,125.63250000000001 ,https://www.sec.gov/Archives/edgar/data/919567/000120709721000002/xslF345X03/primary_doc.xml ,1, 1, 0, 
RENN Fund Inc.[RCG] ,1.675 ,502.5 ,https://www.sec.gov/Archives/edgar/data/919567/000120709721000002/xslF345X03/primary_doc.xml ,1, 1, 0, 
RENN Fund Inc.[RCG] ,1.75 ,131.25 ,https://www.sec.gov/Archives/edgar/data/919567/000120709721000003/xslF345X03/primary_doc.xml ,1, 1, 0, 
RENN Fund Inc.[RCG] ,1.75 ,525.0 ,https://www.sec.gov/Archives/edgar/data/919567/000120709721000003/xslF345X03/primary_doc.xml ,1, 1, 0, 
RENN Fund Inc.[RCG] ,1.75 ,525.0 ,https://www.sec.gov/Archives/edgar/data/919567/000120709721000003/xslF345X03/primary_doc.xml ,1, 1, 0, 
RENN Fund Inc.[RCG] ,1.7715 ,132.8625 ,https://www.sec.gov/Archives/edgar/data/919567/000120709721000004/xslF345X03/primary_doc.xml ,1, 1, 0, 
RENN Fund Inc.[RCG] ,1.7715 ,531.45 ,https://www.sec.gov/Archives/edgar/data/919567/000120709721000004/xslF345X03/primary_doc.xml ,1, 1, 0, 
RENN Fund Inc.[RCG] ,1.7715 ,531.45 ,https://www.sec.gov/Archives/edgar/data/919567/000120709721000004/xslF345X03/primary_doc.xml ,1, 1, 0, 
RENN Fund Inc.[RCG] ,1.835 ,550.5 ,https://www.sec.gov/Archives/edgar/data/919567/000120709721000005/xslF345X03/primary_doc.xml ,1, 1, 0, 
RENN Fund Inc.[RCG] ,1.8351 ,137.6325 ,https://www.sec.gov/Archives/edgar/data/919567/000120709721000005/xslF345X03/primary_doc.xml ,1, 1, 0, 
RENN Fund Inc.[RCG] ,1.835 ,550.5 ,https://www.sec.gov/Archives/edgar/data/919567/000120709721000005/xslF345X03/primary_doc.xml ,1, 1, 0, 
Red Cat Holdings Inc.[RCAT] ,2.66 ,1117.2 ,https://www.sec.gov/Archives/edgar/data/748268/000155479521000002/xslF345X03/ownership.xml ,1, 1, 1, 
Ventoux CCM Acquisition Corp.[VTAQU] ,1.0 ,450000.0 ,https://www.sec.gov/Archives/edgar/data/1043057/000121390021000436/xslF345X03/ownership.xml ,1, 1, 1, 
SKYBRIDGE MULTI-ADVISER HEDGE FUND PORTFOLIOS LLC[N/A] ,1055.67 ,49999.69821 ,https://www.sec.gov/Archives/edgar/data/1181848/000089924321000053/xslF345X03/doc4.xml ,0, 0, 0, 
WORLD ACCEPTANCE CORP[WRLD] ,104.2788 ,573533.4 ,https://www.sec.gov/Archives/edgar/data/108385/000138713121000218/xslF345X03/ownership.xml ,0, 0, 1, 
WORLD ACCEPTANCE CORP[WRLD] ,107.5333 ,494653.18 ,https://www.sec.gov/Archives/edgar/data/108385/000138713121000286/xslF345X03/ownership.xml ,0, 0, 1, 
WORLD ACCEPTANCE CORP[WRLD] ,111.4259 ,4223041.61 ,https://www.sec.gov/Archives/edgar/data/108385/000138713121000383/xslF345X03/ownership.xml ,0, 0, 1, 
SOUTH DAKOTA SOYBEAN PROCESSORS LLC[N.A.] ,3.15 ,14175.0 ,https://www.sec.gov/Archives/edgar/data/1163609/000116360921000004/xslF345X03/wf-form4_160988535029441.xml ,1, 0, 0, 
SOUTH DAKOTA SOYBEAN PROCESSORS LLC[N.A.] ,3.05 ,27450.0 ,https://www.sec.gov/Archives/edgar/data/1163609/000116360921000006/xslF345X03/wf-form4_160988548271534.xml ,1, 0, 0, 
SOUTH DAKOTA SOYBEAN PROCESSORS LLC[N.A.] ,3.15 ,3150.0 ,https://www.sec.gov/Archives/edgar/data/1163609/000116360921000008/xslF345X03/wf-form4_160988561129734.xml ,1, 0, 0, 
TEMPLETON GLOBAL INCOME FUND[GIM] ,5.49 ,1446367.95 ,https://www.sec.gov/Archives/edgar/data/828803/000151028121000003/xslF345X03/primary_doc.xml ,0, 0, 1, 
TEMPLETON GLOBAL INCOME FUND[GIM] ,5.5 ,1182984.0 ,https://www.sec.gov/Archives/edgar/data/828803/000151028121000003/xslF345X03/primary_doc.xml ,0, 0, 1, 
TEMPLETON GLOBAL INCOME FUND[GIM] ,5.49 ,1166086.98 ,https://www.sec.gov/Archives/edgar/data/828803/000151028121000003/xslF345X03/primary_doc.xml ,0, 0, 1, 
TEMPLETON GLOBAL INCOME FUND[GIM] ,5.51 ,1660736.04 ,https://www.sec.gov/Archives/edgar/data/828803/000151028121000007/xslF345X03/primary_doc.xml ,0, 0, 1, 
TEMPLETON GLOBAL INCOME FUND[GIM] ,5.51 ,50124.47 ,https://www.sec.gov/Archives/edgar/data/828803/000151028121000007/xslF345X03/primary_doc.xml ,0, 0, 1, 
WESTINGHOUSE AIR BRAKE TECHNOLOGIES CORP[WAB] ,74.74 ,52318.0 ,https://www.sec.gov/Archives/edgar/data/943452/000120919121000484/xslF345X03/doc4.xml ,0, 1, 0, 
Stock Yards Bancorp Inc.[SYBT] ,40.38 ,788.4195 ,https://www.sec.gov/Archives/edgar/data/835324/000143774921000352/xslF345X03/rdgdoc.xml ,1, 
    , 
        , 
UNITED BANKSHARES INC/WV[UBSI] ,32.4719 ,10845.614599999999 ,https://www.sec.gov/Archives/edgar/data/729986/000122520821000171/xslF345X03/doc4.xml ,1, 
    , 
        , 
Ventoux CCM Acquisition Corp.[VTAQU] ,1.0 ,450000.0 ,https://www.sec.gov/Archives/edgar/data/1822145/000121390021000439/xslF345X03/ownership.xml ,0, 0, 1, 
